eleven11;Eleven;Ten;eleven11@gmail.com;31/12/1971
costas;Gerardo;Costas;gcostas@gmail.com;15/11/1983
house;Gregory;House;greghouse@gmail.com;15/05/1959
sergiop;Sergio;Puglia;puglia@alpanpan.com.uy;28/01/1950
chino;Alvaro;Recoba;chino@trico.org.uy;17/03/1976
tonyp;Antonio;Pacheco;eltony@manya.org.uy;14/02/1955
lachiqui;Mirtha;Legrand;lachiqui@hotmail.com.ar;23/02/1927
cbochinche;Cacho;Bochinche;cbochinche@vera.com.uy;08/05/1937